,article,label
0,"Dresden: Wieder Kind durch FlÃ¼chtling brutal vergewaltigt â€“ wie lange noch?Wie lange mÃ¼ssen bzw. wollen wir diesem Treiben der Vergewaltiger-Horden noch zuschauen. TÃ¤glich mindestens 10 Vergewaltigungen durch FlÃ¼chtlinge in Deutschland. Schuld daran trÃ¤gt die irre Kanzlerin und jeder Gutmensch, der einmal #refugeeswelcome geseiert hat. Sie messern mit, vergewaltigen mit, schlagen Menschen mit tot und tragen Mitschuld an den TerroranschlÃ¤gen. Und natÃ¼rlich haben sich diese â€œFlÃ¼chtlingshelferâ€ eines Tages vor einem ordentlichen Gericht wegen Beihilfe zu verantworten. Merkt Euch ihre Namen!  ",1
1,"Allahu helau: Massive sexuelle Ãœbergriffe durch FlÃ¼chtlinge zu Karnevalsbeginn in KÃ¶lnâ€¦In KÃ¶ln hat es bei der ErÃ¶ffnung der neuen Karnevalssession etliche PolizeieinsÃ¤tze mit mehr als 1000 Beamten gegeben. Festnahmen und mehrere Strafanzeigen gab es unter anderem wegen sexueller Ãœbergriffe und KÃ¶rperverletzungen.Â Die Polizei in KÃ¶ln meldete von den Feiern zum 11.11. rund 50 Festnahmen und mehrere Strafanzeigen â€“ unter anderem wegen sexueller Ãœbergriffe und KÃ¶rperverletzungen. Ein Unbekannter hatte einen Bierkrug in eine Menschenmenge geworfen, der zwei Frauen am Kopf traf. Sie wurden in ein Krankenhaus gebracht. Am frÃ¼hen Sonntagmorgen habe sich die Situation in der Domstadt dann beruhigt, sagte ein Polizeisprecher. Zeitweise waren die HauptplÃ¤tze der Zehntausenden Feiernden in der Innenstadt wegen ÃœberfÃ¼llung gesperrt worden.  ",1
2,"Fasching in Deutschland â€“ Vergewaltigungsorgien durch FlÃ¼chtlinge im AkkordBesonders grausam ist der Fall einer 14-JÃ¤hrigen aus Dresden. Diese Ã¼bernachtete sogar bei ihrem spÃ¤teren Peiniger, einem 17-jÃ¤hrigen Iraker. Der verging sich in der Nacht an seinem Opfer. Das MÃ¤dchen flÃ¼chtete nach der Tat aus der Wohnung und erstattete Anzeige. Der Iraker sitzt in Haft. Die Anzahl der angezeigten Sexualdelikte explodierte in KÃ¶ln von letztjÃ¤hrlich 18 auf 66 Sexualstraftaten. ",1
3,"Reservate â€œSchutzzonenâ€ zum Vergewaltigungsschutz vor â€œschutzsuchenden FlÃ¼chtlingenâ€Wer sich in Berlin zu Silvester nicht fÃ¼r Merkels FlÃ¼chtlinge als Fickfleisch zur VerfÃ¼gung stellen will, soll extra vorbereitete Schutzzonen (Reservate) aufsuchen, in denen die Frauen vor diesen Bestien mit Maschinenpistolen bewacht werden. Alle kÃ¶nne man schlieÃŸlich nicht schÃ¼tzen, aber einen kleinen Teil. DafÃ¼r ist die personelle Ãœbermacht der Vergewaltiger einfach zu groÃŸ. Die Vergewaltiger-Fraktion trainiert schon das ganze Jahr fÃ¼r dieses groÃŸe Fickfest zum Jahresende. 10 Vergewaltigungen an Frauen und Kindern passieren laut offiziellen Pressemeldungen JEDEN Tag in Deutschland. Dabei ist das nur die Spitze des Eisberges, weil wenn der TÃ¤ter entkommt, gilt er als unbekannt und nicht als FlÃ¼chtling. Und das ist in ca. 90 % der FÃ¤lle so. Also geht ruhig von 30.000 Vergewaltigungen pro Jahr durch diese Import-Bestien aus. â€“ Ach ja, es sind nicht alle so. DafÃ¼r ist der Zeitstrahl noch zu kurz. Im Ãœbrigen sollen #refugeeswelcome-Vereine angeblich auch an diese Typen Seit Weihnachten Viagra und Ã¤hnliche Produkte an diese â€œFlÃ¼chtlingeâ€ fÃ¼r ihren â€œgroÃŸen Tagâ€ verteilen. In Halle gab es bereits mehrere bestÃ¤tigende Aussagen dazu.  ",1
4,"FlÃ¼chtling klaut in S-Bahn schlafender Wiesn-Kellnerin 6500 Euro TageseinahmenFast ein halbes Jahr spÃ¤ter nun die Ã–ffentlichkeitsfahndung nach dem â€œBlonden Hansâ€â€¦Â Auf HÃ¶he Laim stieg der bisher unbekannte Dieb zu. Zuerst setzte er sich seinem Opfer gegenÃ¼ber, im Laufe der Fahrt leerte sich die S-Bahn immer weiter. Wie eine Videoaufzeichnung aus der S-Bahn zeigt, wartete der TÃ¤ter, bis sich eine gÃ¼nstige Gelegenheit bot. Gegen 9:10 Uhr setzte er sich dann neben den MÃ¼nchner und griff ihm mehrmals an die Kellnertasche, die er an der Seite trug. Dabei steckte er sich wiederholt Bargeld ein, laut Bundespolizei ingesamt 6.500 Euro. Danach entfernte er sich von seinem schlafenden Opfer, der von all dem natÃ¼rlich nichts mitbekam.  ",1
5,"Gegen die Langeweile: BundesreGIERung will jugendliche Terroristen nach Deutschland holenNach Medienberichten will die Bundesregierung minderjÃ¤hrige AngehÃ¶rige von IS-KÃ¤mpfern, die mit einem deutschen Pass ausgestattet sind, nach Deutschland holen.Â Das AuswÃ¤rtige Amt soll sich mit einem entsprechenden Ansinnen an die irakische Regierung gewandt und Ausreisegenehmigungen fÃ¼r diesen Personenkreis gefordert haben.Â Die AfD-Fraktionsvorsitzende Alice Weidel warnt vor den Folgen: â€Die jÃ¼ngsten Razzien gegen die Islamisten-Szene haben neuerlich gezeigt, dass die unkontrollierte Masseneinwanderung zu gefÃ¤hrlichen Parallelgesellschaften in Deutschland gefÃ¼hrt hat. In diesen Kreisen kÃ¶nnen sich Terroristen offensichtlich weitgehend unbekÃ¼mmert bewegen.  ",1
6,"Bestialischer Ãœberfall â€“ FlÃ¼chtling enthauptet Oma (98) beim Klau der Halskette (fast)Ein bislang unbekannter Mann ist 7. November mitten am Tag in ein Seniorenheim eingedrungen und hat einer 98-jÃ¤hrigen Frau die Halskette entrissen. Die Polizei sucht nun mit Bild- und Videomaterial nach dem dreisten TÃ¤ter. Spezialisten des Rauskommissariats haben Videomaterial einer Ãœberwachungskamera vorliegen, die die Tatzeit sehr genau einkreist. ",1
7,"Rezession beendet. Keine Arbeitslosigkeit mehr. Betteln ist Arbeit!Die Jobcenter, immer kreativ in Sachen DemÃ¼tigung, haben eine MarktlÃ¼cke fÃ¼r Arbeitslose gefunden: Betteln gilt als Arbeit! Dortmund, Innenstadt: Michael Hansen (50) ist ohne Ausbildung und jobbte fÃ¼r Zeitarbeitsfirmen. Seit
2005 bezieht er Hartz-IV. Da dessen Mini-Satz zum Leben kaum reicht, positinierte er sich vor einem Modehaus und bat um milde Gaben. BlÃ¶derweise sah eine Mitarbeiterin des JobCenters ihn dabei und glaubte sich genÃ¶tigt, diesen unverschÃ¤mten Zuverdienst zu melden. ",1
8,"GrÃ¼ne wollen Esel-Taxis in Deutschland etablierenMit riesen Schritten zurÃ¼ck in die Steinzeit. Geht es nach den GrÃ¼nen, werden bald vermehrt Esel-Karren als Taxis auf Deutschlands StraÃŸen fahren. Eine Taxifahrt von Berlin nach MÃ¼nchen wird dann mal schnell eine Woche in Anspruch nehmen. AuÃŸerdem bekommt der Satz â€œein Taxi besteigenâ€ eine ganz neue Bedeutung, wenn man die sexuelle PrÃ¤ferenz von Vielen beachtet, die noch nicht so lange hier lebenâ€¦ #GrÃ¼neversenken!  ",1
9,"Heidelberg: Schwarzer FlÃ¼chtling reibt erigierten Penis an 25jÃ¤hriger und raubt sie ausDer TÃ¤ter hielt ihr nach Angaben der Beamten einen Gegenstand an den KÃ¶rper und sagte in gebrochenem Englisch, dass es sich um ein Messer handeln wÃ¼rde. Der Mann entkleidete daraufhin die Frau teilweise, Ã¶ffnete seine Hose und rieb seinen Penis an der 25-JÃ¤hrigen. Im Anschluss raubte der TÃ¤ter das Mobiltelefon der Heidelbergerin und flÃ¼chtete zu FuÃŸ in Richtung KurfÃ¼rstenanlage.  ",1
10,"Um UnglÃ¤ubige zu tÃ¶ten â€“ Afrika-FlÃ¼chtling schleppt offene TBC in Schule â€“ 88 InfizierteNoch krasser als der FÃ¤kalien-Jihad: Wie das Landratsamt AltÃ¶tting am Montag, 20. November mitteilt, wurde bereits am 16. Oktober 2017 eine 20-jÃ¤hrige Frau aus Somalia in die Kreisklinik AltÃ¶tting stationÃ¤r aufgenommen, die seit Anfang Oktober an Husten, Fieber und SchwÃ¤che litt. In der Kreisklinik wurde die Erkrankung als offene Lungentuberkulose diagnostiziert. Seit MÃ¤rz besucht die junge Frau eine Berufsintegrationsklasse der Beruflichen Schulen AltÃ¶tting-Unterneukirchen. Das Gesundheitsamt AltÃ¶tting hat im Rahmen seiner Umgebungsuntersuchung 88 Kontaktpersonen der erkrankten Frau ermittelt. Als Kontaktpersonen werden entsprechend den Empfehlungen des Deutschen Zentralkomitees zur BekÃ¤mpfung der Tuberkulose (DZK) unter anderem Menschen angesehen, die in den letzten sechs Monaten vor Erkrankung an einer mikroskopisch offenen Lungentuberkulose in Summe mehr als acht Stunden gemeinsam mit dem Erkrankten in einem geschlossenen Raum zugebracht haben. ",1
11,"Hund rettet Oma (60) bei Ãœberfall durch schwarzhÃ¤utigen FlÃ¼chtling â€“ Vergewaltigung vereiteltDer Hund verdient einen Orden. Der Oma (60) aus Hochemmerich ist die Vergewaltigung erspart geblieben, da der Hund sofort zubiss. Der TÃ¤ter (schwarze Hautfarbe) konnte leider fliehen. Die Polizei bittet um Mithilfe bei der Suche. Er dÃ¼rfte dank des klugen Hundes eine tiefe Fleischwunde am Unterarm davon getragen habenâ€¦ DafÃ¼r gibtÂ´s extra Leckerlis.  ",1
12,"Rentnerin vs. Refugee â€“ KrÃ¼cke als Vergewaltigungs- und RaubschutzFrau schlÃ¤gt Dieb in die Flucht. Langwedel. Ein unbekannter junger Mann hat am Freitag Morgen gegen 10:15 Uhr versucht, einer 79jÃ¤hrigen Frau aus Langwedel etwas aus der Handtasche zu entwenden. Die Dame war mit einer Gehhilfe im Bereich des Langwedeler Bahnhofs unterwegs und bemerkte das Ruckeln an ihrer Tasche. Sie drehte sich um, sprach den jungen Mann an und drohte ihm mit der Gehhilfe, sodass dieser augenblicklich von seiner Tat ablieÃŸ und in Richtung Bahnsteig flÃ¼chtete. Zeugenangaben zufolge soll der 15 bis 17jÃ¤hrige Jugendliche dann die Bahn in Richtung Bremen bestiegen haben. Er wird beschrieben als 160 cm groÃŸer Teenager mit sÃ¼dosteuropÃ¤ischem Aussehen, bekleidet mit blauer Jacke und schwarzer Hose. Hinweise auf den unbekannten TÃ¤ter nimmt die Dienststelle in Langwedel unter 04232-7617 entgegen.  ",1
13,"82jÃ¤hrige GlÃ¼ck gehabt, dass FlÃ¼chtling grad nicht geil war. Nur auf Friedhof ausgeraubt.Rentner-Genozid durch â€œFlÃ¼chtlingeâ€ im #Kriegswinter2017. Da kann die Oma von GlÃ¼ck reden, dass der werte Herr FlÃ¼chtling nicht grad geil war, sonst wÃ¤re sie auf dem Friedhof zur sexuellen Bereicherung fÃ¤llig gewesen. So wurde sie nur zusammengeschlagen und ausgeraubt. Er nahm die alte Frau an den Haaren, um ihren SchÃ¤del auf dem Grabstein ihres Mannes zu zertrÃ¼mmern. Dann stieÃŸ er die Omi um und raubte ihre Handtascheâ€¦ Wann wird mit diesem Gelichter endlich kurzer Prozess gemacht?  ",1
14,"Sockenlose Bundeswehr-Soldaten in Islam-Sekten-Moschee zwangsislamisiertEine Delegation der deutschen Bundeswehr, Dienstleistungszentrum Hannover, hatteÂ sich am 21. November zu einem Seminar in der Ã¶rtlichen Ahmadiyya-Moschee eingefunden. Anscheinend im Zuge einer von den Ahmadiyya-Moscheen ins Leben gerufenen Kampagne â€Wir sind alle Deutschlandâ€œ versammelte man sich dort zu einem Vortrag Ã¼ber die â€œPhilosophie und die Lehrmethoden des Islamâ€. Oberste Landesverteidiger bei Islam-Seminar in Socken ",1
15,"Vergewaltigungs-Jihad: Gruppenvergewaltigung am S-Bahnhof StellingenDie Hamburger Polizei hat in der vergangenen Nacht zwei 23-jÃ¤hrige Albaner festgenommen, die eine Frau in der NÃ¤he des S-Bahnhofs Stellingen vergewaltigt haben sollen.

Wie die Polizei berichtet, war eine Zeugin gegen 23.45 Uhr auf dem Vorplatz des S-Bahnhofs auf Hilferufe aufmerksam geworden. Als sie diesen nachging, sah sie zwei MÃ¤nner, von denen einer eine Frau festhielt, wÃ¤hrend der zweite sexuelle Handlungen an ihr vornahm. Die Zeugin ging auf sie zu und rief ebenfalls um Hilfe. Daraufhin lieÃŸen die beiden MÃ¤nner von ihrem Opfer ab und flÃ¼chteten. Quelle: freiezeiten.net ",1
16,"Arme FlÃ¼chtlinge mÃ¼ssen zur Tafel, weil sie im Jahr Milliarden Eurer Steuern in die Heimat schickenNur weil Ihr fragt, was die vollversorgten Merkel-GÃ¤ste bei den Tafeln machen. Wer 4,2 Milliarden Euro in die Heimat schickt, der hat natÃ¼rlich kein Geld mehr Ã¼brig, um sich etwas zu Essen in Essen zu kaufen. Und wenn es bei den Tafeln das Essen gratis gibt und der Merkel-Befehl erging, dass es nicht anginge, dass diese GeflÃ¼chteten wegen der anderweitigen Vollpension von den Tafeln abgewiesen wÃ¼rden, ist es verstÃ¤ndlich, dass diese Menschen dieses Angebot wahrnehmen. Die 4,2 Milliarden sind Ã¼brigens Euer Geld, Eure Steuern, welche Euch von korrupten Politikern der Altparteien geraubt wurden. Und das wird so weitergehen, wenn Ihr nicht dagegen langsam mal geschlossen den Mund aufmachtâ€¦ Wenn Ihr das nicht Ã¤ndern wollt, dann heisst es, lÃ¤nger, hÃ¤rter und schneller arbeiten und GÃ¼rtel enger schnallen. Aber Maas sagt ja, dass uns nichts weggenommen wird, weil der Staat â€œgut gewirtschaftetâ€ habe ğŸ˜€ ğŸ˜€ ğŸ˜€  ",1
17,"Massiver Islamistenangriff am 24.12.2017 auf Polizei in ReutlingenEs ist Krieg. Unsere ReGIERung verheimlicht diese Tatsache und setzt damit alle BÃ¼rger, welche schon lÃ¤nger hier leben, der permanenten Lebensgefahr aus. Die Polizei bleibt zahnlos, da die SchieÃŸbefehle auf die islamistischen Terrorgruppen nicht gegeben werden. Wie lange dulden wir dieses steinzeitliche Verhalten der Invasoren noch in unserem Land ohne Widerstand zu leisten?  ",1
18,Seit Ã–ffnung der Bundeswehr fÃ¼r Islamisten Vergewaltigungen sprunghaft gestiegenBei derÂ BundeswehrÂ ist die Zahl der gemeldeten Sexualstraftaten einem Zeitungsbericht zufolge sprunghaft angestiegen. Besonders stark erhÃ¶ht hÃ¤tten sich die gemeldeten VerdachtsfÃ¤lle von Vergewaltigung.Â Das berichtete die â€œBild am Sonntagâ€ unter Berufung auf Zahlen aus dem Bundesverteidigungsministerium. Auch die Gesamt-VerdachtsfÃ¤lle von sexuellen Ãœbergriffen hÃ¤tten in diesem Jahr stark zugenommen.  ,1
19,"Zu Heiligabend: Islamist zÃ¼ndet Hund bei lebendigem Leibe an#dankemerkel Nach Frauen und Kindern mÃ¼ssen sich jetzt auch Hunde und ihre Besitzer hÃ¼ten, gerade an christlichen Feiertagen auf die StraÃŸe zu gehen, um nicht Gefahr zu laufen, vergewaltigt, abgestochen und oder angezÃ¼ndet zu werden. Dass es ein offensichtlich muslimischer Zeitvertreib ist, Obdachlose bei lebendigem Leibe zu verbrennen, hat uns die jÃ¼ngere Vergangenheit hinreichend gelehrt. Nun sind die Hunde, welche im Islam verpÃ¶nt und verhasst sind, dran.  ",1
20,KÃ¶ln: Polizei hat Ebertplatz aufgegeben und den Migranten Ã¼berlassenNÃ¤chste No-Go-Area in KÃ¶ln. Polizei zieht sich zurÃ¼ck und Ã¼berlÃ¤sst den islamischen Migranten die Sorge fÃ¼r â€œRecht und Ordnungâ€. Die Polizei wird am Samstagabend wieder zu einem Einsatz am Ebertplatz gerufen. Nach derzeitigem Ermittlungsstand kam es gegen 21.45 Uhr mitten auf dem Platz zwischen dem 22-jÃ¤hrigen und einer Gruppe von fÃ¼nf bis sechs jungen MÃ¤nnern zum Streit und zu einer kÃ¶rperlichen Auseinandersetzung. ,1
21,"Linkssiff-Polizeichef Merbitz kollaboriert offen mit Linksterroristenâ€œBernd Merbitz absolvierte von 1984 bis 1986 ein Studium an der Hochschule der Deutschen Volkspolizei Berlin mit dem Abschluss als Diplom-Staatswissenschaftler. 1989 hatte er den Dienstrang eines Majors der Kriminalpolizei.â€ (Wiki). Bei dieser Vita wÃ¤re es nicht verwunderlich, wenn er seinen Dienst bei â€œSchild und Schwertâ€ einfach unterschlagen hÃ¤tte wie so viele Profiteure des SED-Regimes. Darum ist es konsequent, wenn Merbitz regelmÃ¤ÃŸig die ihm unterstehende Polizei zu Gunsten der Linksterroristen einsetzen lÃ¤sst, oder ganze Hundertschaften strategisch so postiert, dass, wenn es mal â€œgegenâ€ den Linksterror in Leipzig geht, diese regelmÃ¤ÃŸig verheizt werden.  ",1
22,"â€œFlÃ¼chtlingeâ€ oder â€œNazisâ€ klauten Ã–zdemirs E-Bike (Fahrrad)Dass E-Bikes Ã¼berhaupt unÃ¶kologisch sind, sollte jedem geistig Bemittelten klar sein, weil ja eben konventionelle Energie auch noch zugefÃ¼hrt werden muss. Naja egal, zu jenen Menschen gehÃ¶rt Ã–zdemir offensichtlich nicht. Auf jeden Fall wurde er jetzt Opfer der Geister, welche er zu Millionen mit importieren hilft. Sein Fahrrad wurde geklautâ€¦ Von â€œFlÃ¼chtlingenâ€! Obwohl, da in Berlin wohl am Tag 88 (Achtundachtzig) FahrrÃ¤der geklaut werden, mÃ¼ssen es wohl doch Nazis gewesen seinâ€¦ Opfer eines Fahrraddiebs zu werden, ist ein Schicksal, das viele Berliner kennen: Im Schnitt werden tÃ¤glich 88 ZweirÃ¤der gestohlen, ergab eine Studie. Nun hat es auch GrÃ¼nen-Chef Cem Ã–zdemirgetroffen. ",1
23,"Mitten in Deutschland â€“ Islamist schÃ¤chtet seine eigene Tochter (2)Ein zweijÃ¤hriges MÃ¤dchen ist in Hamburg spÃ¤ten Montagabend vermutlich von seinem Vater getÃ¶tet worden. Der Mann war am Dienstagmorgen nach Angaben der Polizei noch auf der Flucht. /Â SchÃ¤chtenÂ oderÂ SchechitaÂ (hebr.Â ×©×—×˜Â Å¡acá¸¥aá¹­Â â€schlachtenâ€œ) ist dasÂ rituelleÂ SchlachtenÂ vonÂ koscheren Tieren, insbesondere imÂ JudentumÂ und imÂ Islam. Die Tiere werden mit einem speziellen Messer mit einem einzigen groÃŸen Schnitt quer durch die Halsunterseite, in dessen Folge die groÃŸenÂ BlutgefÃ¤ÃŸeÂ sowie Luft- und SpeiserÃ¶hre durchtrennt werden, getÃ¶tet. Mit dem SchÃ¤chten soll das mÃ¶glichst rÃ¼ckstandslose Ausbluten des Tieres gewÃ¤hrleistet werden. (Wiki)  ",1
24,"Neue Spielplatzverordnung â€“ ab 20 % Muslime nur noch SpielplÃ¤tze in IslamoptikGeht es nach linksgrÃ¼nen Bestrebungen, werden kÃ¼nftig nur noch Moscheen und Minarette die Optik auf SpielplÃ¤tzen prÃ¤gen sowie ein BevÃ¶lkerungsanteil im jeweiligen Wohngebiet an muslimischen MitbÃ¼rgern die Marke von 20 % Ã¼berschreitet. Neuer #Spielplatz in #Schmalkalden â€“ aber â€œeine #Islamisierung findet nicht stattâ€  ",1
25,"Kriegswinter 2017: Rentner in LÃ¼beck durch FlÃ¼chtling erschlagen#dankemerkel Die Wahrscheinlichkeit, den Jahreswechsel auÃŸerhalb des Leichenschauhauses zu erleben, sinkt fÃ¼r viele Rentner in Deutschland gegen Null. FlÃ¼chtlinge drehen am Rad und morden sich durch die christliche Weihnachtszeit. Jeder Tote macht Merkels Leichenberg hÃ¶her und hÃ¶her. Merkel-Poller auf Weihnachten nÃ¼tzten Ã¼berhaupt nichts, um die BevÃ¶lkerung (die hier schon lÃ¤nger lebt) vor Merkels â€œGÃ¤stenâ€ zu schÃ¼tzen. Das kollektive Morden im Namen Allahs stellt jeden Terroranschlag in den Schatten.  ",1
26,"Genozid: Wieder Obdachloser durch FlÃ¼chtlinge gesteinigt und lebendig begrabenFlÃ¼chtlinge helfen aktiv, das Obdachlosen-Problem in Deutschland zu lÃ¶sen. Allerorten werden Obdachlose durch FlÃ¼chtlinge brutal zusammengeschlagen, angezÃ¼ndet. Neuerdings auch gesteinigt und lebendig begraben. Hat das System? Ist es politisch durch die Merkel-Junta gewollt? Obdachlose sind natÃ¼rlich fÃ¼r jedes System eine schlechte Visitenkarte und wenn Merkels Scharia-Polizei fÃ¼r die EndlÃ¶sung der Obdachlosen-Frage sorgt, dÃ¼rfte fÃ¼r die amtierenden Altpartei-Politverbrecher alles in Butter sein.  ",1
27,"Altpartei-Politmaden fordern muslimische Lieder zu Weihnachten in KirchenNein, das hat natÃ¼rlich wieder nichts mit dem Islam zu tun. Um terrorwÃ¼tige Moslems zu besÃ¤nftigen und an AnschlÃ¤gen auf WeihnachtsmÃ¤rkten zu hindern, sollen â€“ geht es nach den korrupten Politmaden der Altparteien (CDU, SPD, GrÃ¼ne, Linke, FDP), dass in den Kirchen ausschlieÃŸlich muslimischer Singsang statt christlichen ChorÃ¤len erklingenâ€¦ #Neuwahlen!  ",1
28,"FlÃ¼chtlinge hacken Rostocker die Hand ab â€“ Rest musste amputiert werden.Welchen Wahnsinn wollen und mÃ¼ssen wir uns noch gefallen lassen, bevor die ReGIERung auf die ungekannte Gewalt- und Vergewaltigungswelle durch das neue Merkelgold reagiert? Muss es erst paramilitÃ¤rische BÃ¼rgerwehren geben, damit dem islamistischen Treiben in unseren StÃ¤dten ein Ende gesetzt wird? Baut endlich Abschiebe-Internierungslager fÃ¼r diese tollwÃ¼tigen Bestien!  ",1
29,"Hannover: 75 christliche GrÃ¤ber dem heiligen Krieg fÃ¼r Allah zum Opfer gefallenNach den schweren VerwÃ¼stungen auf dem Stadtfriedhof Ricklingen in Hannover sucht die Polizei nach den unbekannten TÃ¤tern. â€œWir haben derzeit noch keine ErmittlungsansÃ¤tzeâ€, sagte eine Sprecherin am Sonntagmorgen gegenÃ¼ber NDR.de. â€œLeider hat der Regen alle potenziellen Spuren vernichtet.â€ Die Ermittler wÃ¼rden daher auf Hinweise aus der BevÃ¶lkerung hoffen. Zeugen und Betroffene werden gebeten, sich unter der Telefonnummer (0511) 109 30 17 beim Polizeikommissariat Ricklingen zu melden. Die Polizei ermittelt wegen SachbeschÃ¤digung sowie StÃ¶rung der Totenruhe.  ",1
30,"Polizei keine Zeit fÃ¼r GrÃ¼nen-Nonsens. In Deutschland wird gemessert und vergewaltigt durch Merkel-GÃ¤steBerlin. Wenige Tage vor der gerichtlichen Entscheidung Ã¼ber mÃ¶gliche Dieselfahrverbote laufen die Polizeigewerkschaften Sturm gegen das Vorhaben, solche EinschrÃ¤nkungen von der Polizei kontrollieren zu lassen. â€Die Kontrollen sind jenseits der RealitÃ¤t. Wir haben doch keine Hundertschaften, die wir aus dem Keller holen kÃ¶nnenâ€œ, kritisiert der Vorsitzende der Deutschen Polizeigewerkschaft Rainer Wendt. Seiner Erfahrung nach brÃ¤uchte es mehrere tausend zusÃ¤tzliche Polizisten, um Kontrollen in StÃ¤dten durchzufÃ¼hren. â€Jahrzehntelang hat die Politik nichts gemacht und die Autoindustrie abgefeiert. Und nun rufen sie die Polizei, damit wir sie retten. Das darf doch nicht wahr sein.â€œ  ",1
31,"Abgelehnter â€œFlÃ¼chtlingâ€ schlitzt WÃ¤rter im Knast mit Cuttermesser aufJVA Zeithain griff er Mitgefangene an, nÃ¤hte sich zudem den Mund zu. Deshalb wurde er in die JVA Dresden verlegt. Hier griff er u.a. einen tschechischen Mitgefangenen an. BegrÃ¼ndung: Er mÃ¼sse â€UnglÃ¤ubige vernichtenâ€œ. AnschlieÃŸend kam er in die JVA Bautzen. Dort geht er im Oktober 2016 auf WÃ¤rter Michael H. los. Mit der Faust â€“ in der er eine zum Messer umgebaute Rasierklinge versteckte â€“ schlug er ihm ins Gesicht, schnitt dem Beamten die Lippe bis auf den Muskel auf. ",1
32,"Zivilcourage: Einbrecher-FlÃ¼chtling mit BaseballschlÃ¤ger vermÃ¶beltRavenstein â€“ Nicht mit mir! Das dachte sich wohl eine 17-JÃ¤hrige, als sie Freitagabend bei sich daheim verdÃ¤chtige GerÃ¤usche gehÃ¶rt hatte. Sie schnappte sich einen BaseballschlÃ¤ger und Ã¼berraschte einen Mann, der im Haus die Treppe hochgehen wollte. Ohne zu zÃ¶gern schlug die junge Frau auf den Mann ein, der von ihr als 175 cm groÃŸ, krÃ¤ftig, etwa 40 Jahre alt und sÃ¼dlÃ¤ndisch beschrieben wurde. ",1
33,"Der Weihnachtsmarkt in Siegburg heisst jetzt orientalischer WintermarktFÃ¼r die vielen KoranglÃ¤ubigen, die im islamisierten Siegburg im Kalifat NRW leben und die es mit christlichen BrÃ¤uchen nicht so haben, richtet der BÃ¼rgermeister Franz â€Muhammadâ€œ Huhn von der islamkriechenden Christlichen DÃ¶ner-Union (CDU) dieses Jahr auf dem Weihnachtsmarkt, der jetzt â€Wintermarktâ€œ heiÃŸt, einen â€Orientalischen Wintermarktâ€œ mit 15 StÃ¤nden aus, die mit dem tÃ¼rkischen Halbmond geschmÃ¼ckt sind, wie die â€Lokalzeit aus Bonnâ€œ berichtete. Ob die deutschen StÃ¤nde mit der deutschen Nationalfahne geschmÃ¼ckt sind, weiÃŸ man nicht, aber es ist unwahrscheinlich, da die antideutsche Moslem-Kanzlerin Merkel aus der Ostzone die deutsche Fahne ja seinerzeit unter dem Beifall ihrer Deutschland hassenden KollegInnen angeekelt wegschmiss.  ",1
34,"Projekt Todesborn â€“ FlÃ¼chtlinge sollen mit deutschen SchÃ¼lerinnen verpaart werdenDas ist richtig pervers und krank. Hier werden Steuergelder verschleudert, damit ein Verein durch Schulen tingeln kann, um FlÃ¼chtlinge mit einheimischen SchÃ¼lerinnen zu verkuppeln. Wie schon das Projekt â€œFlirtkurse fÃ¼r FlÃ¼chtlingeâ€, bei welchen gelehrt wird, dass vor dem scheinbar obligatorischen Schlag in die Fresse als Erstkontakt von brÃ¼nftigen â€œFlÃ¼chtingenâ€ (TÃ¤glich 10 Vergewaltigungen in Deutschland durch FlÃ¼chtlinge) â€œdeutsche Schlampenâ€ (FlÃ¼chtlingsdenke) an den Hals gekÃ¼sst werden wollen, werden auch hier Steuergelder in MillionenhÃ¶he veruntreut, um mit einer Schulungstour durch 9te Klassen, den FlÃ¼chtlingen eine leichtere Verpaarung mit deutschen SchÃ¼lerinnen zu ermÃ¶glichen.  ",1
35,"Steinzeitliche FlÃ¼chtlingsbestien stechen immer hÃ¤ufiger auf Deutsche einGegen 17.45 Uhr wurde der junge Mann in HÃ¶he des Kaiserbrunnens von mehreren Personen zunÃ¤chst angesprochen, doch dann zÃ¼ckte eine der Personen plÃ¶tzlich ein Messer, womit er den 19-JÃ¤hrigen angriff. Dieser erlitt im OberkÃ¶rperbereich leichte Stichverletzungen und kam in ein Bonner Krankenhaus.  ",1
36,"Muslime lauern Frauen nach Weihnachtsmarkt im Stadtpark von Halle aufDie 21-JÃ¤hrige wurde dabei leicht verletzt, teilte dieÂ Â Polizei mit. Der Vorfall ereignete bereits in der Nacht zu Sonntag gegen 0.30 Uhr. Die Frau saÃŸ im Stadtpark auf einer Bank, als sich die MÃ¤nner nÃ¤herten und versuchten, sie von der Bank zu ziehen. Als sich die Frau mit Pfefferspray zur Wehr setzte, flÃ¼chteten die TÃ¤ter. Die MÃ¤nner sollen dem Aussehen nach arabischer Herkunft sein. Die Frau hatte sich erst am Sonntagnachmittag dazu entschlossen, die Tat anzuzeigen.  ",1
37,"LÃ¼genpresse verharmlost regelmÃ¤ÃŸig brutale Vergewaltigungen durch FlÃ¼chtlingeJunge MÃ¤nner aus dem Ausland akzeptierten kein Nein und wurden gegenÃ¼ber zwei Frauen in Schwedt handgreiflich. Die Anmacher-Masche eines 26-jÃ¤hrigen Iraners und eines 19-jÃ¤hrigen Afghanen fruchtete bei zwei Frauen (24 und 32 Jahre) am Sonntagabend nicht. Sie waren gegen 20 Uhr auf dem Weg zum Oder-Center in Schwedt und lieÃŸen die MÃ¤nner wissen, dass sie keine Unterhaltung wÃ¼nschten. ",1
38,"Wieder Joggerin von Vergwaltiger-FlÃ¼chtling angefallenDie 26-jÃ¤hrige Joggerin war auf dem Waldweg etwa HÃ¶he des dortigen Kraftwerkes unterwegs, als sie zunÃ¤chst von einem Radfahrer Ã¼berholt wurde. Im weiteren Verlauf versuchte der Unbekannte, die Frau zu packen und im Schambereich zu berÃ¼hren. Aufgrund der Gegenwehr der GeschÃ¤digten lieÃŸ der Mann von ihr ab, stieg auf sein Fahrrad und fuhr davon. Die Frau wurde bei dem Ãœbergriff nicht verletztâ€¦.
 weiter lesen auf Augsburger-Allgemeine: http://www.augsburger-allgemeine.de/neu-ulm/Sexualstraftaeter-greift-Joggerin-an-der-Donau-an-id43062426.html ",1
39,"Achtung: FlÃ¼chtlinge lauern Friedhofsbesucher auf, um zu vergewaltigenEine 23-jÃ¤hrige Frau aus Lichtenfels wurde am Donnerstagabend (19. Oktober) auf dem Friedhof von Lichtenfels von einem unbekannten Mann massiv angegriffen. Eine Fahndung nach dem TÃ¤ter blieb bislang erfolglos. Die Kripo ermittelt und sucht Zeugen. TÃ¤ter stieÃŸ 23-JÃ¤hrige zu Boden ",1
40,"Linksterroristen brechen bei FPÃ–-Strache ein und installieren WanzenWie die VÃ¤ter ihrer Gesinnung von der DDR-Staatssicherheit.Â Der Einbruch fand am Mittwochabend statt, die entdeckten Wanzen waren zum AbhÃ¶ren geeignet Wien â€“ Im BÃ¼ro von Vizekanzler Heinz-Christian Strache (FPÃ–) ist am Mittwochabend ein Einbruch verÃ¼bt worden. Eine verdÃ¤chtige Person wurde von Mitarbeitern bemerkt, konnte aber unerkannt fliehen, gab das Innenministerium bekannt. AuÃŸerdem wurden in dem BÃ¼ro AbhÃ¶rwanzen gefunden, erklÃ¤rte das BÃ¼ro von Verteidigungsminister Mario Kunasek (FPÃ–) und bestÃ¤tigte damit entsprechende Medienberichte. Der Einbruch geschah laut Innenministerium am Mittwoch gegen 19 Uhr. Mitarbeiter nahmen demnach GerÃ¤usche in Straches BÃ¼ro wahr. Als sie Nachschau hielten, hÃ¶rten sie jemanden Ã¼ber die Nottreppe flÃ¼chten. Strache selbst war nicht im BÃ¼ro. â€“  ",1
41,"FlÃ¼chtling tritt 3-jÃ¤hriges Kind ins Krankenhaus, weil es ihm keinen Platz machte â€“ SchÃ¤del-Hirn-TraumaEin Mann (Mietmauldeutsch fÃ¼r â€œFlÃ¼chtlingâ€)Â (28) verlangt von dem Jungen, ihm Platz zu machen. Als das Kind nicht reagiert, tritt der Mann ihm in den Bauch und haut abâ€¦Â Zwei Zeugen (22 und 39) rennen hinterher, stellen den Kindertreter. Der zieht ein Messer, doch die beiden couragierten MÃ¤nner halten ihn in Schach, bis die Polizei kommt. Psycho-Klinik!Â   ",1
42,"Merkel will Millionen neuer Altenpfleger aus Afrika einschiffen lassenAlso was Merkel so auswirft, das kÃ¶nnte kein Satiremagazin besser, wenn es nicht gleichzeitig der pure Wahnsinn fÃ¼r unsere Senioren wÃ¤re. Wir wissen bereits, dass Alte auch in Seniorenheimen in Legion von afrikanischen FlÃ¼chtlingen vergewaltigt werden, so dass man ihnen die Demenz faktisch wÃ¼nschen muss, um sie diese Erlebnisse vergessen zu lassen, wenn sie nicht gleich bestialisch abgeschlachtet werden... FÃ¼r die BundesreGIERung natÃ¼rlich wÃ¤re das forcierte FrÃ¼hableben kostenintensiver Rentner ein GeschÃ¤ft, da diese dann keine Rente mehr kassierenâ€¦  ",1
43,"FlÃ¼chtlinge bekommen DOCH Smartphones auf unsere Kosten geschenktTelefone, Waschmaschinenâ€¦ Also doch Anschaffungskosten fÃ¼r ElektrogerÃ¤te zu Lasten der Steuerzahler? Sozialamt Graz und Media Markt schweigen sich bis dato vornehm aus â€¦ Das galt nach ewigen Dementi durch die BehÃ¶rden und #LÃ¼genpresse lange als Legende. Nun ist es doch wahr. FlÃ¼chtlinge bekommen teure Smartphones geschenkt, wÃ¤hrend Arbeiter und Angestellte in Deutschland und Ã–sterreich dafÃ¼r Kredite (Ratenzahlung) aufnehmen mÃ¼ssen, um sich diese nicht selten sehr kostenintensiven Teile leisten zu kÃ¶nnenâ€¦ Und was in Ã–sterreich die Regel ist, gilt schon lang in Deutschland, sonst wÃ¤ren die Herrenmenschen-FlÃ¼chtlinge alle in Ã–sterreich.  ",1
44,"Jeden Tag werden in Deutschland 10 Menschen von FlÃ¼chtlingen abgestochenEs gab Ã¼ber 1.600 Messerattacken in den ersten fÃ¼nf Monaten des Jahres 2017. Das sind 300 jeden Monat oder zehn jeden Tag. Und wieviel Deutsche BÃ¼rger hat Merkel angerufen und sich fÃ¼r ihre MittÃ¤terschaft entschuldigt, wenn sie Opfer illegaler, krimineller Asylanten-Messerstecher werden???  ",1
45,"Rentner-Genozid durch FlÃ¼chtlinge â€“ Gibt es einen Merkel-Befehl?Immer wieder werden Rentner durch FlÃ¼chtlinge angegriffen. Nicht selten einfach getÃ¶tet, so dass die #LÃ¼genpresse sich nicht mal mehr die Nennung der Opfer, Tatorte und TÃ¤terbeschreibungen traut. Der #Merkel-Leichenberg wÃ¤chst und wÃ¤chst in Deutschland. Mitschuldig sind immer auch die korrupten, Merkel unterstÃ¼tzenden Altparteien (CDU, SPD, GrÃ¼ne, Linke, FDP). Es herrscht Krieg in Deutschland. Ein Millionenheer von Feinden, eingelassen von korrupten verbrecherischen Politikern in ihrem Vernichtungsfeldzug gegen die eigene BevÃ¶lkerung. Anders als dereinst in Troja kÃ¶nnen sich die Kollaborateure in unserer ReGIERung nicht auf List des Feindes und eigenen Irrtum herausreden sondern sie arbeiten dem Feind mit Vorsatz in die HÃ¤nde. Das ist Hochverrat und auch spÃ¤ter als solcher zu behandeln.  ",1
46,"Polizeihund beisst Vergewaltiger-FlÃ¼chtling in Eier â€“ Linke erstatten Anzeige gegen PolizeiDie Flucht endete im Keuning-Park. Dort versteckten sich mehrere der TatverdÃ¤chtigen, woraufhin Ivo zum Einsatz kam. Der Polizeihund nahm die FÃ¤hrte der MÃ¤nner auf und konnte drei Personen in einem GebÃ¼sch stellen. Dort verharrten die MÃ¤nner, offensichtlich beeindruckt von dem bellenden Hund, bis weitere EinsatzkrÃ¤fte sie festnehmen konnten. Die VerdÃ¤chtigen, die sich im Park versteckten, waren zwischen 18 und 27 Jahre alt. Einen weiteren 24-jÃ¤hrigen TatverdÃ¤chtigen konnte ein Bundespolizist zusammen mit einem unbeteiligten BÃ¼rger am Eingang zum Keuning-Park festnehmen. ",1
47,"Chemnitz: Islamist will Deutsche mitten in der Innenstadt vergewaltigenDie schreckliche Tat passierte am Sonnabend gegen 19.20 Uhr. Die Frau lief durch die MÃ¼hlenstraÃŸe, als sich plÃ¶tzlich ein Mann nÃ¤herte und Ã¼ber sie herfiel.Â Das Opfer wehrte sich nach LeibeskrÃ¤ften, bis der TÃ¤ter von ihr ablieÃŸ und flÃ¼chtete. Eine sofortige Fahndung der Polizei blieb zunÃ¤chst erfolglos. Die 19-JÃ¤hrige sagte bei der Polizei aus, dass es sich beim TÃ¤ter vermutlich um einen arabischen Mann handelte. ",1
48,"Wieder grausame Kinder-Vergewaltigung durch FlÃ¼chtlinge im Kalifat NRWUnd wieder ist ein Kind durch Merkels GÃ¤ste gerissen worden. Merkel vergewaltigt indirekt immer mit. Wie auch alle #refugeeswelcome-seiernden #Gutmenschen. Da ohne deren laute Einladung wÃ¤ren die Vergewaltiger-Horden nicht im Land und die Opfer kÃ¶nnten ohne Angst auf StraÃŸen laufen, in Parks joggen oder SchwimmbÃ¤dern badenâ€¦ Die korrupten Politverbrecher der Altparteien (CDU, SPD, GrÃ¼ne, Linke, FDP) mÃ¼ssen weg!  ",1
49,"Nach schon einem Jahr: Fotofahndung nach Muslim-SchlÃ¤gernBisher leben die GewalttÃ¤ter unerkannt und unbehelligt weiterhin mitten unter uns. Nun greift die Polizei Berlin zum letzten Mittel, wenn nichts anderes mehr hilft, der Ã–ffentlichkeitsfahndung.Â Mit den Bildern einer Ãœberwachungskamera sucht die Polizei Berlin nach aggressiven MÃ¤nnern, die im Oktober des vergangenen Jahres FahrgÃ¤ste in der U8 verletzten.Â Am spÃ¤ten Sonntagabend des 29. Oktober 2016 sprÃ¼hte einer der MÃ¤nner gegen 22.25 Uhr, ohne ersichtlichen Grund, einem Fahrgast plÃ¶tzlich Reizgas ins Gesicht. Die Attacke geschah in der Linie U8 in HÃ¶he des Bahnhofs Hermannplatz. AnschlieÃŸend soll der TÃ¤ter dem bisher unbekannten Opfer noch gegen den Kopf getreten haben. ",1
50,"1 Jahr nach Zuzug von jugendlichen FlÃ¼chtlingen â€“ EinbrÃ¼che in Nietleben vervierfachtGenau das, was die Anwohner befÃ¼rchteten, traf ein. Die Stadt zwangseinquartierte sogenannte â€œunbegleitete minderjÃ¤hrige FlÃ¼chtlingeâ€ in der beschaulichen Siedlung Nietleben in Halle. Und das trotz massiver Anwohnerproteste. Ein Jahr danach muss die Polizei konstatieren, dass sich die Zahl der EinbrÃ¼che in der bis dahin recht friedlichen Siedlung verVIERFACHT hat. So produziert man AfD-WÃ¤hler. Da muss sich auch das linksversiffte Rathaus unter dem Ex-SPD-OB Wiegand nicht mehr wundern ğŸ˜€  ",1
51,"Massenmedien vertuschen muslimischen Terroranschlag auf KircheOffenbar keine Ã¼berregionale Bedeutung hat eine Explosion im Turm der Sankt-Hildegard-Kirche im Mannheimer Stadtteil KÃ¤fertal-SÃ¼d.Â Neben der Polizei ermittelt auch der Staatsschutz. Mehrere TÃ¤ter sollen am Dienstagabend mitÂ einem Hammer Scheiben des Kirchturms durchschlagen und aus einer mitgebrachten Gasflasche Gas in den Turm geleitet haben, um eine Explosion herbeizufÃ¼hren, berichten lokale Medien. Anwohner hÃ¤tten einen ohrenbetÃ¤ubenden Knall wahrgenommen. Gegen 20.45 Uhr sei der Polizei schlieÃŸlich ein Brand im Kirchturm gemeldet worden. ",1
52,"FlÃ¼chtlinge vergewaltigen vertrauensseelige deutsche MÃ¤dels in Shisha-BarsDie viel gepriesene Freude zur SelbststÃ¤ndigkeit von sogenannten â€œFlÃ¼chtlingenâ€ beschrÃ¤nkt sich meist auf DÃ¶nerbuden, Shisha-Bars und Internetcafes. Also Einrichtungen, welche per se schon fÃ¼r Steuerhinterziehungen geschaffen scheinen. Shisha-Bars werden regelmÃ¤ÃŸig auch genutzt, um BesucherInnen mit Drogen gefÃ¼gig zu machen, um sie dann von ganzen GroÃŸgruppen vergewaltigen zu lassen.  ",1
53,"Merkels Leichenberg wieder hÃ¶her â€“ FlÃ¼chtling bringt Mann mit Messer um Die Polizei wurde gegen 22.45 Uhr von einem Anwohner in die Bundesallee gerufen. RettungskrÃ¤fte versuchten, den 21-JÃ¤hrigen zu reanimieren. Er starb allerdings noch vor Ort. ",1
54,"Kriegswinter 2017: FlÃ¼chtlinge wollen Baby im Kinderwagen sprengenDas ist menschlicher Abschaum, welcher Ã¼berhaupt auf solche Ideen kommt. Warum sind viele der angeblichen â€œFlÃ¼chtlingeâ€ so geisteskrank. Wie heisst die Krankheit? Diese TÃ¤ter sollte man sofort standrechtlich ihrem â€œGottâ€ nÃ¤herbringen, da sie in Zukunft nur noch grausamere Taten begehen werden. Rechtliche MÃ¶glichkeiten dafÃ¼r mÃ¼ssen geschaffen werden. Diesen importierten Bodensatz dÃ¼rfen wir nicht mehr auf Steuerzahlerkosten durchfÃ¼ttern mÃ¼ssen.  ",1
55,"FlÃ¼chtling zerstÃ¼ckelt 2 Frauen und spÃ¼lt sie das Klo runterIm April 2016 soll der Mann mongolischer Herkunft in seiner Leipziger Wohnung zunÃ¤chst eine 43-jÃ¤hrige Portugiesin getÃ¶tet haben â€“ ihre sterblichen Ãœberreste wurden kurz darauf im Elster-Flutbecken gefunden. Im November vorigen Jahres soll der Mann dann eine 40-jÃ¤hrige Deutsche getÃ¶tet und auch ihre Leiche zerteilt haben. Die Leichenteile entsorgte er laut Anklage im HausmÃ¼ll, in der Toilette und in einem Abbruchhaus.  ",1
56,"LÃ¶blich in NRW â€“ Knallerverbot, um Vergewaltigungsopfer besser zu lokalisierenWas in Schweden schon gang und gebe, die akkustische Ãœberwachung von Migrantenvierteln, um die Schreie von vergewaltigten Schwedinnen besser zu hÃ¶ren und schneller eingreifen zu kÃ¶nnen, wird in diesem Jahr auch im Kalifat NRW geprobt. Da man aber die GroÃŸstÃ¤dte noch nicht technisch verdrahtet hat, verringert man die UmgerÃ¤usche durch allgemeine Feuerwerksverbote, um die Schreie der vergewaltigten Kuffar-Weiber (migrantisch fÃ¼r â€œDeutsche Schlampenâ€) besser zu hÃ¶ren und die Opfer zu bergen. Die TÃ¤ter lÃ¤sst man nach wie vor laufen.  ",1
57,"Deutschland durch muslimische Scharia-Polizei viel sicherer gewordenErst heute wurden Waffen fÃ¼r ein geplantes Massaker durch Islamisten auf einem Weihnachtsmarkt gefunden. Trotzdem hÃ¤lt unser Innenminister an seiner geisteskranken Meinung fest, dass unser Land viel sicherer geworden sei. Merkel-Poller schÃ¼tzen aber nicht vor Massakern mit Schusswaffen durch Islamistenâ€¦ Auch haben die meisten BÃ¼rger, zumindest jene, welche hier schon lÃ¤nger leben, durch Scharia-Polizei-Streifen, selbst in der Uniform der Berliner Polizei, nicht gerade ein gesteigertes SicherheitsgefÃ¼hl.  ",1
58,"Merkels afrikanische Vergewaltigungs-SÃ¶ldner schlagen in Hamburg zuDie 25jÃ¤hrige entkommt der grausamen Vergewaltigung durch die schwarze Vergewaltiger-FlÃ¼chtlingsbestie nur knapp und das nur durch aufmerksame Passanten, welche ihre markerschÃ¼tternden Schreie hÃ¶rten, als der Afrikaner einem tollwÃ¼tigen Tier gleich Ã¼ber sie herfiel.Â Es war kurz vor Mitternacht, als die 25-JÃ¤hrige alleine vom Hamburger S-Bahnhof Wilhelmsburg nach Hause lief â€“ KopfhÃ¶rer auf den Ohren. PlÃ¶tzlich packte ein Mann sie von hinten und zerrte sie ins GebÃ¼sch.Â Lauthals schrie die junge Frau um Hilfe, wehrte sich heftig. Doch bei dem heftigen Gerangel stÃ¼rzte sie zu Boden. Der unbekannte Mann zog sie ins GebÃ¼sch begrapschte sieund versuchte sie zu vergewaltigen. GlÃ¼cklicherweise hatten Anwohner die Hilfeschreie gehÃ¶rt und sofort die Polizei alarmiert. Als sich der erste Streifenwagen dem Tatort mit Blaulicht nÃ¤herte, lieÃŸ der Mann von der Frau ab und flÃ¼chtete. ",1
59,"1000 % Fallzunahme â€“ FlÃ¼chtlinge vergrÃ¤tzen ganze Landstriche â€“ Medikamente alle2017 hat sich die Zahl der KrÃ¤tze-FÃ¤lle in Bochum im Vergleich zu 2015 verzehnfacht. Wie die â€WAZâ€œ berichtet, sollen Apotheken bereits Schwierigkeiten haben, genÃ¼gend Medikamente zu liefern.Â 221 FÃ¤lle der Hauterkrankung wurden in der Stadt in diesem Jahr bereits gemeldet â€“ wobei die Dunkelziffer deutlich hÃ¶her vermutet wird, denn HausÃ¤rzte sind nicht verpflichtet, alle KrÃ¤tze-Patienten beim Gesundheitsamt zu melden. Besonders Kinder und Ã¤ltere Menschen leiden aufgrund ihres schwÃ¤cheren Immunsystems besonders hÃ¤ufig unter der sogenannten Skabies. ",1
60,"FlÃ¼chtlingshelferin flÃ¼chtet vor Vergewaltigungen durch FlÃ¼chtlingeDieser Artikel wurde Ã¼berarbeitet. Zuvor hat Sputnik berichtet, dass Frau Sommer aus Angst nach Polen fliehen wolle. Wie die FlÃ¼chtlingsbetreuerin im Nachhinein im GesprÃ¤ch mit Sputnik erlÃ¤uterte, habe sie das nicht gesagt. Wir entschuldigen uns fÃ¼r die falsche Interpretation.Â FÃ¼r Deutschland sei es bereits zu spÃ¤t, erlÃ¤uterte sie im Interview mit der polnischen Online-Zeitung â€Do Rzeczyâ€œ.Â Zuvor habe sie gedacht, dass die Migranten aus der HÃ¶lle geflohen seien und man sieÂ inÂ DeutschlandÂ aufnehmen mÃ¼sse. Mit 300 weiteren Freiwilligen habe sie Deutschunterricht erteilt und den NeuankÃ¶mmlingen geholfen, sich inÂ die fÃ¼r sie neue Gesellschaft zu integrieren. Eigenen Aussagen zufolge hat Sommer gehofft, dass die â€mittelalterlichen Ansichten der Araber sich mit der Zeit Ã¤ndern mÃ¼ssenâ€œ, aber bald musste die Frau begreifen, dass â€die muslimischen FlÃ¼chtlinge mit einem deutlich anderem Wertesystem aufgewachsen sind, von Kindheit an der religiÃ¶sen GehirnwÃ¤sche unterzogen wurden und Ã¼berhaupt keinen Wunsch haben, sich an das westliche Leben zu adaptierenâ€œ. ",1
61,"Marokko-FlÃ¼chtlinge quÃ¤len und verbrennen Rentner in dessen HausDafÃ¼r hat die QualitÃ¤tspresse kaum Platz, weil alle Titelseiten noch voll sind mit dem BÃ¼rgermeister aus Altona, der sich wahrscheinlich beim Rasieren schnitt und einen Ãœberfall und Mordversuch daraus konstruiert, um Ã¼ber die Mitleidsmasche CDU-Stimmen zu generieren.Â Sechs Personen hatten den Mann und seine LebensgefÃ¤hrtin den Angaben zufolge am Dienstagabend vor dem Haus Ã¼berwÃ¤ltigt und Wertsachen und Bargeld gefordert. Das Feuer sei von den TÃ¤tern vor ihrer Flucht wahrscheinlich gelegt worden. Die 59-JÃ¤hrige habe nur durch die Hilfe von Nachbarn aus dem GebÃ¤ude gerettet werden kÃ¶nnen. Anwohner hatten KnallgerÃ¤usche und Hilfeschreie gehÃ¶rt. Diese Schreie werde sie nie vergessen, sagte eine Nachbarin. Bei dem Toten handelt es sich laut Polizei vermutlich um den 57 Jahre alten LebensgefÃ¤hrten der 59-JÃ¤hrigen. Klarheit gebe es aber erst nach der Obduktion des Toten. Das Ergebnis werde am frÃ¼hen Mittwochabend erwartet, sagte ein Sprecher der Staatsanwaltschaft in GieÃŸen. Die HintergrÃ¼nde des Ãœberfalls waren zunÃ¤chst unklar.  ",1
62,"Kriegswinter 2017 â€“ Aus Angst vor Massenvergewaltigungen â€“ RÃ¤umpanzer zu SilvesterKleinkalibrige Waffen mit Verwendungserlaubnis gegen Vergewaltiger-FlÃ¼chtlinge wÃ¤ren da um ein Vielfaches wirksamer. Stattet die, welche schon lÃ¤nger hier leben Ã¼ber Silvester mit scharfen Waffen aus (auÃŸer die #refugeeswelcome-Erkrankten) und Ihr werdet sehen, die Zahlen an Massenvergewaltigungen werden spÃ¼rbar zurÃ¼ckgehen. Die vertierten TÃ¤ter verstehen nur eine Sprache und die heisst nicht: #ArmbÃ¤ndchen, #eineArmlÃ¤nge oder #BlockflÃ¶teâ€¦  ",1
63,"LinksgrÃ¼ner Terror-Mord an AfD-Stadtrat von Kahla soll vertuscht werdenDer Kahlaer AfD-Stadtrat Oliver Noack wurde gestern in seinem Wohnhaus tot aufgefunden. Nach Angaben mehrerer Quellen gibt es viele Ungereimtheiten zu den nÃ¤heren UmstÃ¤nden. Ersten Erkenntnissen zufolge spricht einiges fÃ¼r eine SelbsttÃ¶tung. Dagegen spricht, dass Noack an HÃ¤nden und FÃ¼ÃŸen gefesselt aufgefunden worden sein soll.
Noack, der bis 2016 CDU-Stadtrat war, wurde in den vergangenen Monaten nach eigenen Angaben mehrfach bedroht. Oliver Noack wurde zu DDR-Zeiten inhaftiert, kam dann in den Westen frei und kehrte nach mehr als anderthalb Jahrzehnten in der Fremdenlegion vor einigen Jahren in seine Heimat zurÃ¼ck.  ",1
64,"Vergewaltiger-Bande im Ruhrpott sind KEINE DEUTSCHEN â€“ ALLES SINTI!Das war von Anfang an klar. Schon als sich die #LÃ¼genpresse durch VerÃ¶ffentlichung des noch am menschlichsten aussehenden TÃ¤terbildes bemÃ¼hte, eine Schuldzuweisung Richtung TÃ¤tergruppe â€œdeutschâ€ zu konstruieren. Die TÃ¤terfotos der Anderen lieÃŸ man wohlweislich weg. Eine Hetzkampagne ohne Gleichen wurde orchestriert. â€œDean Martinâ€ (sicher erfundener Name) â€“ angeblich Deutscher â€“ wÃ¤re der RÃ¤delsfÃ¼hrer. Nun ist schwarz auf weiss zu lesen, auch â€œDean Martinâ€ ist ein AngehÃ¶riger des fahrenden Volkes der â€œSINTIâ€. Also alles wie gehabt.  ",1
65,"Rudel von â€œFlÃ¼chtlingenâ€ prÃ¼gelt Joggerin ins KrankenhausEine 21 Jahre alte Joggerin ist imÂ Bottroper Stadtpark von einer Gruppe junger MÃ¤nner schwer verletzt worden. Die Frau sei am spÃ¤ten Montagabend von sechs bis sieben MÃ¤nnern umzingelt, geschlagen und getreten worden.  ",1
66,"DunkelhÃ¤utige FlÃ¼chtlinge Ã¼berfallen Mutter mit Kinderwagen, um zu vergewaltigenEinfach nur schockierend: Eine 29-JÃ¤hrige Mutter war am Mittwochmorgen mit ihrem eineinhalbjÃ¤hrigen Kind auf einem FeldwegÂ in HÃ¶chst Richtung Hartz unterwegs, als sie von drei MÃ¤nnern angegriffen wurde. Nahe einer AutobahnunterfÃ¼hrungen schlugen die TÃ¤ter von hinten zu, begrapschten Beine und Brust der Mutter, wÃ¤hrend sie den Kinderwagen mit ihrem Sohn schob! ",1
67,"Konjunktur: FlÃ¼chtling prÃ¼gelt dt. Oma (59) und Baby (2) ins KrankenhausAuf einem Spielplatz in Berlin sind am Sonntagmorgen eine Oma und ihre Enkelin (2) angegriffen worden. Die GroÃŸmutter wurde dabei so schwer verletzt, dass sie ins Krankenhaus musste.Â  Die 59-JÃ¤hrige war gegen 8.40 Uhr mit ihren vier Enkelkindern auf einem Spielplatz im Ortsteil OberschÃ¶neweide, wie die Polizei am Abend mitteilte. Dort soll sich ein unbekannter Mann der Frau von hinten genÃ¤hert und ihr mit einem Gegenstand gegen den Kopf geschlagen haben. Um sich zu schÃ¼tzen, soll die Frau die Arme hochgerissen haben, weshalb sie auch dort getroffen wurde. ",1
68,"Islam ist Frieden â€“ Frau wegen Kuss Ã¼berfahren â€“ 400 Meter mitgeschleiftWÃ¤re, gÃ¤lte hier die Scharia, nicht passiert. Dann gebe es solche Exhibitionisten nicht auf der StraÃŸe, wenn sie nicht gesteinigt werden wollen. Weil er sich Ã¼ber ein Liebespaar auf der StraÃŸe Ã¤rgerte, gab ein 38-jÃ¤hriger Autofahrer Gas und fuhr die beiden um. Wegen Totschlags muss er sich vor dem Frankfurter Gericht verantworten.  ",1
69,"Berlin: Islamisten treten Rentner (72) zusammen, mit Beinbruch ins Hospital#dankemerkel #dashatnichtsmitdemislamzutun. Sicher wieder geistig gestÃ¶rte â€œJugendlicheâ€. Nur warum sagt kaum einer, wie diese Krankheit heisst? Es ist flÃ¤chendeckender TERROR gegen alles, was die SprengglÃ¤ubigen als #haram â€“ nicht gottgefÃ¤llig, unislamisch, unglÃ¤ubig empfinden. Darunter mÃ¼ssen Menschen, wie Tiere, welche schon lÃ¤nger hier leben, immer mehr leiden. Der Leichenberg, welchen #Merkel mit ihrer unsÃ¤glichen Einladung an Terroristen aus islamischen LÃ¤ndern hier anhÃ¤uft, wird immer grÃ¶ÃŸer.  ",1
70,"Mainz: Kind in Lebensgefahr nach Gruppenvergewaltigung durch drei IslamistenWie die Kriminaldirektion Mainz in einer gemeinsamen PresseerklÃ¤rung der Staatsanwaltschaft Mainz und des PolizeiprÃ¤sidiums Mainz mitteilt, wurde am 15.02.2012 um 23:30 Uhr ein unvorstellbar grausames Verbrechen an einem wehrlosen MÃ¤dchen begangen.Â Es war ein bestialischer Akt der Barbarei: Ein 16-JÃ¤hriges MÃ¤dchen wurde in einem Parkhaus in Worms gequÃ¤lt, geschlagen und mehrfach vergewaltigt. Doch das reichte den Peinigern nicht. Sie haben das MÃ¤dchen mit einer Flasche vergewaltigt und anschlieÃŸend den Flaschenkopf abgebrochen und ihn eingefÃ¼hrt, wodurch ihr Darm durchtrennt und ihre GebÃ¤rmutter aufgeschnitten wurde. Bewusstlos, schwer verletzt und unbekleidet wurde das MÃ¤dchen aufgefunden. Nur durch eine Notoperation konnte sie gerettet werden.  ",1
71,"FlÃ¼chtling durch Rottweiler-Biss an Vergewaltigung einer Oma (65) gehindertPlÃ¶tzlich blieb der Rottweiler an einem GebÃ¼sch stehen, knurrte und strÃ¤ubte das Fell. Da sprang ein Mann aus dem GebÃ¼sch, lief schreiend auf die Frau zu! Seine Arme waren ausgestreckt â€“ â€als ob er ihr an den Hals greifen wollteâ€œ, schreibt die Polizei. Und weiter: â€In diesem Moment griff der 45 Kilo schwere Rottweiler den Unbekannten an.â€œ Der Angreifer fiel zu Boden, wurde mÃ¶glicherweise auch gebissen. Die Frau nahm den Hund zurÃ¼ck, der Mann rannte weg. ",1
72,"Merkels Terror-FlÃ¼chtlinge: Busfahrer brutal zusammengeschlagen. Auf einem Auge nun blind, arbeitslosWie lange wollen wir dem flÃ¤chendeckenden Terror durch Merkels GoldstÃ¼cke noch ohne Gegenwehr zusehen? Bis wir alle zu KrÃ¼ppeln oder totgeschlagen und unsere Kinder und Frauen bestialisch vergewaltigt wurden?â€¦ Wehrt Euch endlich mit!  ",1
73,"Putsch: Islamistische Polizisten-Darsteller wollen Berliner Polizei Ã¼bernehmen â€“ MassenschlÃ¤gereiWas sich schon lange ankÃ¼ndigte, bricht nun offen aus. Die islamische Ãœbernahme bei der Berliner Polizei ist in vollem Gange, so dass sich deutsche Polizisten nicht mehr trauen kÃ¶nnen, ihren islamischen Polizei-Darsteller-â€œKollegenâ€ den RÃ¼cken zuzukehren, ohne darauf gefasst zu sein, dass sie eine Kugel von hinten in den Kopf oder RÃ¼cken verpasst bekommen. Es wird bereits auf die ersten Toten in diesem Konflikt gewartet. Nun brechen bereits MassenschlÃ¤gereien unter Islamisten an den Polizei-Schulen in der Hauptstadt aus. Es geht immer darum, welche islamische Auslegung den eigenen islamischen Staat in Berlin zuerst ausrufen darf. TÃ¶dlich sind sie alle.  ",1
74,"RotrotgrÃ¼nes Schmarotzer Berlin baut 24 neue Siedlungen fÃ¼r 50.000 GoldstÃ¼cke!GÃ¼rtel enger schnallen. Das kostet. Nicht die Maden im Nehmerland Berlin, die auch nur auf unserer Tasche fettleben, sondern UNS, Arbeiter und WerktÃ¤tige, aktive Steuerzahler. Niemand anderes wird fÃ¼r die rotrotgrÃ¼nen Phantastereien im kaputten Berlin aufkommen. David Berger schreibt: â€œUnter anderem inden beliebtesten Berliner Stadtvierteln will der rotrotgrÃ¼ne Senat 24 neue FlÃ¼chtlingssiedlungen mit je 450 Wohnungen fÃ¼r Immigranten bauen. Wenn diese dort wieder ausziehen, sollen die Wohnungen der indigenen BevÃ¶lkerung zur VerfÃ¼gung stehen.Â Fast tÃ¤glich bekomme ich von Bekannten, Facebookfreunden usw. Anfragen, ob ich nicht wÃ¼sste, wie sie irgendwie in Berlin an eine Wohnung kommen kÃ¶nnten, die noch bezahlbar ist.â€  ",1
75,"FlÃ¼chtlingsbestie will 8-jÃ¤hrige auf Spielplatz in MÃ¼nchen vergewaltigenDer Horror fÃ¼r jedes klar denkendes Elternteil. AuÃŸer fÃ¼r die Verbrecher der FlÃ¼chtlingshilfsvereine und die uns mit Bestien flutenden Polit-Ganoven der korrupten Altparteien. Ein â€œFlÃ¼chtlingâ€ wurde beim Beobachten eines Spielplatzes in MÃ¼nchen geil und schnappte sich ein 8jÃ¤hriges Kind, presste verÃ¤ngstigte MÃ¤dchen an sein erigiertes Glied und gab ihm ZungenkÃ¼sse. Es war reines GlÃ¼ck, dass die sofort agierende Mutter die Bestie vertreiben konnte. Die alarmierte Polizei wurde nicht fÃ¼ndig. Dieser vertierte Merkel-Gast lÃ¤uft immer noch in MÃ¼nchen auf der Suche nach weiteren Opfer-Kindern herum.  ",1
76,"Streichelzoo NeukÃ¶ln: TrÃ¤chtiges Schaf in Berlin gestohlen, geschÃ¤ndet, geschÃ¤chtet und gefressenDie Polizei nennt es â€œprofessionell geschlachtetâ€. Was bei SchÃ¤chtungen mit Tieren passiert, solltet Ihr Euch in einschlÃ¤gigen Youtube-Videos mal anschauen. Berlin NeukÃ¶ln ist ein multikulturelles Vorzeigeviertel. No-Go-Area fÃ¼r die Polizei. Erst vor nicht allzulanger Zeit wurde in Berlin ein Zwergpony im Streichelzoo durch Islamisten vergewaltigt. Nun der nÃ¤chste Fall von TierquÃ¤lerei. Ein trÃ¤chtiges Schaf wurde entwendet, vermutlich vergewaltigt, geschÃ¤chtet und gefressen. Jetzt wurden die Reste des Kadavers gefunden. Die Einwohner des Stadtteiles NeukÃ¶ln sind in der Mehrheit muslimisch.  ",1
77,"Wegen Dumm- und Faulheit â€“ FlÃ¼chtlingsversagen auf ArbeitsmarktSpringers Welt umschreibt es mit â€œPassungsproblemenâ€, was mutige Handwerksbetriebe in Deutschland lÃ¤ngst durch Schmerz kennenlernen mussten. Diese sogenannten â€œFlÃ¼chtlingeâ€ taugen einfach nicht zu Arbeit. Deswegen sieht es auch in den LÃ¤ndern, wo sie herkommen so aus, wie es dort aussieht. Selbst in reichen Ã–l-LÃ¤ndern, deren Ã–l nur dafÃ¼r dient, teuer auslÃ¤ndische ArbeitskrÃ¤fte einzukaufen, welche helfen, die Scheinwelt einer angeblichen Zivilisation in arabischen LÃ¤ndern zu errichten. Versiegt das Ã–l bzw. wird durch technische Entwicklung nicht mehr benÃ¶tigt, sind diese LÃ¤nder auch sichtbar sofort wieder in der Steinzeit.  ",1
78,"Araber reiÃŸt 18jÃ¤hrige in Hamburg â€“ am Montag demonstriert die Antifa fÃ¼r mehr VergewaltigungenUnd am Montag geht die Antifa genau fÃ¼r solche Typen wieder auf die StraÃŸe in Hamburg. Bezahlt von unserem Steuergeld! Die Mopo schreibt: â€œDie 18-JÃ¤hrige ging gegen 4.45 Uhr zu FuÃŸ durch den Mimeweg, als sie plÃ¶tzlich von hinten angegriffen wurde. Der TÃ¤ter sprÃ¼hte ihrÂ  Pfefferspray ins Gesicht und zog sie in ein GebÃ¼sch. Dort verging er sich an ihrâ€¦.Â Er soll kurze schwarze Haare und laut Polizei mÃ¶glicherweise eine â€sÃ¼dlÃ¤ndische Erscheinungâ€œ haben.â€  ",1
79,"Pervers: Staatlich organisierte Verpaarung von â€œFlÃ¼chtlingenâ€ und EinheimischenDas ist Hochgradperversion. Staatlich organisiert (steuerlich gefÃ¶rdert) werden hier oft MinderjÃ¤hrige â€“ auch erst Kinder â€“ den â€œFlÃ¼chtlingenâ€ zum FraÃŸ vorgeworfen. Wohin das fÃ¼hrt, sieht man an #Kandel, wo im groÃŸen Stil kleine MÃ¤dchen mit alten FlÃ¼chtlingen zur Verpaarung verkuppelt worden sind. Sie kommen aus dem Iran, Afghanistan, Syrien, Eritrea oder Ã„thiopien und haben zwei Dinge gemeinsam: Sie sind alle aus ihren LÃ¤ndern geflohen und â€“ nehmen beim Speed-Dating fÃ¼r FlÃ¼chtlinge und BÃ¼rger teil. ",1
80,"Video: KÃ¶lner Linksmaden-Irrsinn â€“ ArmbÃ¤nder sollen vor Vergewaltigungen schÃ¼tzenKinder, junge und Ã¤ltere Frauen, welche in diesem Jahr nicht zum Jahreswechsel Opfer der bestialischen islamistischen Massenvergewaltigungen werden wollen, sollen in KÃ¶ln zu Silvester steuerfinanzierte â€œRespect-ArmbÃ¤nderâ€ tragen, um die FlÃ¼chtlinge abzuhalten, sie auch zu vergewaltigen. Ein Irrsinn in konsequenter Folge von #einearmlÃ¤nge-VorschlÃ¤gen von Reker oder Merkels BlockflÃ¶ten-Idee. Die einzigen ArmbÃ¤nder, welche wirkungsvoll vor Vergewaltigungen schÃ¼tzen wÃ¼rden, wÃ¤ren welche aus Stahl oder Gusseisen, eng um die Handgelenke der potentiellen Vergewaltiger an die WÃ¤nde in den Abschiebelagern geschweiÃŸt.  ",1
81,"11jÃ¤hrige â€“ gerade so einer Vergewaltigung durch 5 FlÃ¼chtlinge entkommenEin Vater aus der VG Altenkirchen erscheint am Freitag, 20.10.2017, 17:40 Uhr, mit seiner 11-jÃ¤hrigen Tochter auf der Polizei Altenkirchen. Er gibt an, dass seine Tochter auf dem Weg von der KarlstraÃŸe in Richtung WiedstraÃŸe war, als sie an der Ausfahrt des REWE Marktes von 5 dunkelhÃ¤utigen, jungen MÃ¤nnern im Alter von ca. 20 Jahren angesprochen wurde. Im weiteren Verlauf habe man angefangen, die Tochter herumzuschubsen und an den Oberarmen festzuhalten. Die Tochter habe versucht, sich loszureiÃŸen um wegzulaufen. Dabei habe sie geschrien und um Hilfe gerufen.  ",1
82,Messer-Jihad in KÃ¶ln: Moslem sticht Behinderten mit Taschenmesser niederWegen des christlichen Feiertages? Der Unbekannte hatte den 53-JÃ¤hrigen am Abend des 1. November (Allerheiligen) unvermittelt von hinten attackiert und niedergestochen. Das Opfer erlitt schwere Verletzungen und schwebte zwischenzeitlich in Lebensgefahr. Das zustÃ¤ndige Kriminalkommissariat bittet dringend um Zeugenhinweise.  ,1
83,"Erzieherin will von Uma nicht geschÃ¤chtet werden â€“ nimmt Freitod in KaufWeil ein islamistischer â€œjugendlicherâ€ FlÃ¼chtling (15 Jahre) eine Erzieherin mit einem Messer rituell schÃ¤chten wollte, sprang diese lieber aus dem Fenster und wÃ¤hlte damit den mÃ¶glichen Freitod. Nur durch GlÃ¼ck Ã¼berlebte die fast gemeuchelte Frau. Der Killer-FlÃ¼chtling befand sich natÃ¼rlich wieder einmal in einer â€œpsychischen Ausnahmesituationâ€. Wie heisst nochmal die Krankheit, unter welcher die Islamisten fast alle leiden?  ",1
84,"Deutschlands WÃ¤hler haben die letzte Chance verpasst, ihr Land und Europa vor dem Untergang zu bewahren. Deutschlands mehrheitlich braune WÃ¤hlerschaft unterstÃ¼tzt auch weiterhin die rechten Parteien und hat sich entschlossen mit ihnen zusammen das Land und Europa in die Katastophe zu fÃ¼hren. Bis auf die AfD werden im kommenden Bundestag insgesamt 5 Parteien vertreten sein, die sich weitestgehend der Europa-Ideologie der Nazis unter Adolf Hitler verschrieben haben. Ihre WÃ¤hlerschaft konnte sich 72 Jahre nach dem Ende der NS-Dikatur vom Nazi- Gedankengut auch diesmal nicht lossagen. Die deutsche FÃ¼hrerin Angela Merkel kam mit dem rechten Neonazi-ParteienbÃ¼ndnis aus CDU/CSU auf 32,9 Prozent und die rechte SPD auf 20, 6 Prozent. Die Rechten von der FDP und den GrÃ¼nen kommen auf 10,6 und 8, 9 Prozent. Die Partei â€Die Linkeâ€œ kommt auf 9,1 Prozent. Die einzige nicht rechte deutsche Partei, die AfD, kommt auf 13 Prozent. Nach 1914 und 1933 hat die Mehrheit der Deutschen es erneut verpasst, sich von denen loszusagen, die ihr Land und Europa ins Verderben fÃ¼hren werden, mit dem Unterschied, dass niemand sich mehr herausreden kann, er hÃ¤tte von alledem vorher nichts gewusst.",1
85,"Der Rassismus im BrÃ¼ssel nimmt immer mehr schockierende Ausmasse an. Jetzt gab es einen weiteren rassistischen und europafeindlichen Eklat. Laut der EU kann eine ungarische Stadt keine Kulturhauptstadt Europas werden, weil es dort â€zu viele glÃ¼ckliche weisse Menschenâ€œ gibt.Die EU-Jury des Wettbewerbs Kulturhauptstadt Europas (EKF 2023) sagte, eine der teilnehmenden StÃ¤dte sei â€zu weiss und es wÃ¼rde nicht genug Migranten gebenâ€œ, berichtet die ungarische Nachrichten-Webseite â€888.huâ€œ.Mit nur noch sieben Halbfinalisten machte die ungarische Stadt SzÃ©kesfehÃ©rvÃ¡r einen Werbefilm fÃ¼r die Jury. Der Film zeigt die schÃ¶nsten Orte der Stadt, ein glÃ¼ckliches Paar und einige spielende Kinder. Aber die Jury der EU lehnte die Einreichung von SzÃ©kesfehÃ©rvÃ¡rs DebÃ¼tfilm ab: â€Es gibt zu viele frÃ¶hliche weisse Leute und Kreuze und nicht genug Migrantenâ€œ, erklÃ¤rte die Jury. Der Film der Stadt wurde auch auf YouTube gezeigt und zog Ã¼ber 3.000 Aufrufe an. Einer der Experten der EuropÃ¤ischen Union antwortete: â€Dies ist der Propagandafilm fÃ¼r das weiss-christliche Europa; Alle sind weiss, glÃ¼cklich und tanzen auf den StraÃŸen. â€œ Der BÃ¼rgermeister der ungarischen Stadt, Dr. AndrÃ¡s Cser-Palkovics, gab am Mittwoch eine Pressekonferenz Ã¼ber die Entscheidung der Jury. Er sagte, dass in Wirklichkeit keine ExpertenanhÃ¶rung durchgefÃ¼hrt worden sei, sondern die Entscheidung ausschliesslich auf tÃ¤glichen politischen Fragen beruhte und die Anklagen gegen SzÃ©kesfehÃ©rvÃ¡r und die Delegation gerichtet seien. Eine Jury der rassistischen Neonazis in BrÃ¼ssel entschied schliesslich, die BeitrÃ¤ge von GyÅ‘r, Debrecen und VeszprÃ©m als Finalisten fÃ¼r die Kulturhauptstadt Europas zu empfehlen.",1
